[
{
    "pk": 1, 
    "model": "cms.usersettings", 
    "fields": {
        "clipboard": 1, 
        "user": [
            "admin"
        ], 
        "language": "en"
    }
},
{
    "pk": 1, 
    "model": "cms.placeholder", 
    "fields": {
        "slot": "clipboard", 
        "default_width": null
    }
},
{
    "pk": 2, 
    "model": "cms.placeholder", 
    "fields": {
        "slot": "default_content", 
        "default_width": null
    }
},
{
    "pk": 3, 
    "model": "cms.placeholder", 
    "fields": {
        "slot": "default_content", 
        "default_width": null
    }
},
{
    "pk": 4, 
    "model": "cms.placeholder", 
    "fields": {
        "slot": "default_content", 
        "default_width": null
    }
},
{
    "pk": 5, 
    "model": "cms.placeholder", 
    "fields": {
        "slot": "default_content", 
        "default_width": null
    }
},
{
    "pk": 6, 
    "model": "cms.placeholder", 
    "fields": {
        "slot": "default_content", 
        "default_width": null
    }
},
{
    "pk": 7, 
    "model": "cms.placeholder", 
    "fields": {
        "slot": "default_content", 
        "default_width": null
    }
},
{
    "pk": 8, 
    "model": "cms.placeholder", 
    "fields": {
        "slot": "default_content", 
        "default_width": null
    }
},
{
    "pk": 9, 
    "model": "cms.placeholder", 
    "fields": {
        "slot": "default_content", 
        "default_width": null
    }
},
{
    "pk": 10, 
    "model": "cms.placeholder", 
    "fields": {
        "slot": "default_content", 
        "default_width": null
    }
},
{
    "pk": 11, 
    "model": "cms.placeholder", 
    "fields": {
        "slot": "default_content", 
        "default_width": null
    }
},
{
    "pk": 12, 
    "model": "cms.placeholder", 
    "fields": {
        "slot": "default_content", 
        "default_width": null
    }
},
{
    "pk": 13, 
    "model": "cms.placeholder", 
    "fields": {
        "slot": "default_content", 
        "default_width": null
    }
},
{
    "pk": 14, 
    "model": "cms.placeholder", 
    "fields": {
        "slot": "default_content", 
        "default_width": null
    }
},
{
    "pk": 15, 
    "model": "cms.placeholder", 
    "fields": {
        "slot": "default_content", 
        "default_width": null
    }
},
{
    "pk": 16, 
    "model": "cms.placeholder", 
    "fields": {
        "slot": "multilingnual_news_excerpt", 
        "default_width": null
    }
},
{
    "pk": 17, 
    "model": "cms.placeholder", 
    "fields": {
        "slot": "multilingnual_news_content", 
        "default_width": null
    }
},
{
    "pk": 18, 
    "model": "cms.placeholder", 
    "fields": {
        "slot": "multilingnual_news_excerpt", 
        "default_width": null
    }
},
{
    "pk": 19, 
    "model": "cms.placeholder", 
    "fields": {
        "slot": "multilingnual_news_content", 
        "default_width": null
    }
},
{
    "pk": 20, 
    "model": "cms.placeholder", 
    "fields": {
        "slot": "signup-sidebar", 
        "default_width": null
    }
},
{
    "pk": 21, 
    "model": "cms.placeholder", 
    "fields": {
        "slot": "speaker-profile", 
        "default_width": null
    }
},
{
    "pk": 22, 
    "model": "cms.placeholder", 
    "fields": {
        "slot": "proposal_submit", 
        "default_width": null
    }
},
{
    "pk": 23, 
    "model": "cms.placeholder", 
    "fields": {
        "slot": "speaker-profile", 
        "default_width": null
    }
},
{
    "pk": 24, 
    "model": "cms.placeholder", 
    "fields": {
        "slot": "signup-sidebar", 
        "default_width": null
    }
},
{
    "pk": 25, 
    "model": "cms.placeholder", 
    "fields": {
        "slot": "speaker-profile", 
        "default_width": null
    }
},
{
    "pk": 26, 
    "model": "cms.placeholder", 
    "fields": {
        "slot": "proposal_submit", 
        "default_width": null
    }
},
{
    "pk": 27, 
    "model": "cms.placeholder", 
    "fields": {
        "slot": "example_proposal", 
        "default_width": null
    }
},
{
    "pk": 28, 
    "model": "cms.placeholder", 
    "fields": {
        "slot": "sponsorship-apply", 
        "default_width": null
    }
},
{
    "pk": 29, 
    "model": "cms.placeholder", 
    "fields": {
        "slot": "schedule_top", 
        "default_width": null
    }
},
{
    "pk": 30, 
    "model": "cms.placeholder", 
    "fields": {
        "slot": "schedule_bottom", 
        "default_width": null
    }
},
{
    "pk": 31, 
    "model": "cms.placeholder", 
    "fields": {
        "slot": "schedule_top", 
        "default_width": null
    }
},
{
    "pk": 32, 
    "model": "cms.placeholder", 
    "fields": {
        "slot": "schedule_bottom", 
        "default_width": null
    }
},
{
    "pk": 33, 
    "model": "cms.placeholder", 
    "fields": {
        "slot": "default_content", 
        "default_width": null
    }
},
{
    "pk": 34, 
    "model": "cms.placeholder", 
    "fields": {
        "slot": "default_content", 
        "default_width": null
    }
},
{
    "pk": 35, 
    "model": "cms.placeholder", 
    "fields": {
        "slot": "default_content", 
        "default_width": null
    }
},
{
    "pk": 36, 
    "model": "cms.placeholder", 
    "fields": {
        "slot": "default_content", 
        "default_width": null
    }
},
{
    "pk": 1, 
    "model": "cms.cmsplugin", 
    "fields": {
        "rght": 2, 
        "changed_date": "2013-10-23T23:02:35.735Z", 
        "parent": null, 
        "language": "en", 
        "level": 0, 
        "creation_date": "2013-10-23T23:02:29.757Z", 
        "lft": 1, 
        "tree_id": 1, 
        "position": 0, 
        "placeholder": 2, 
        "plugin_type": "TextPlugin"
    }
},
{
    "pk": 3, 
    "model": "cms.cmsplugin", 
    "fields": {
        "rght": 2, 
        "changed_date": "2013-10-23T23:11:44.831Z", 
        "parent": null, 
        "language": "en", 
        "level": 0, 
        "creation_date": "2013-10-23T23:11:39.168Z", 
        "lft": 1, 
        "tree_id": 3, 
        "position": 1, 
        "placeholder": 2, 
        "plugin_type": "TextPlugin"
    }
},
{
    "pk": 6, 
    "model": "cms.cmsplugin", 
    "fields": {
        "rght": 2, 
        "changed_date": "2013-10-23T23:20:20.856Z", 
        "parent": null, 
        "language": "en", 
        "level": 0, 
        "creation_date": "2013-10-23T23:20:20.845Z", 
        "lft": 1, 
        "tree_id": 4, 
        "position": 0, 
        "placeholder": 3, 
        "plugin_type": "TextPlugin"
    }
},
{
    "pk": 7, 
    "model": "cms.cmsplugin", 
    "fields": {
        "rght": 2, 
        "changed_date": "2013-10-23T23:20:20.958Z", 
        "parent": null, 
        "language": "en", 
        "level": 0, 
        "creation_date": "2013-10-23T23:11:39.168Z", 
        "lft": 1, 
        "tree_id": 5, 
        "position": 1, 
        "placeholder": 3, 
        "plugin_type": "TextPlugin"
    }
},
{
    "pk": 8, 
    "model": "cms.cmsplugin", 
    "fields": {
        "rght": 2, 
        "changed_date": "2013-11-01T00:14:33.127Z", 
        "parent": null, 
        "language": "en", 
        "level": 0, 
        "creation_date": "2013-11-01T00:14:06.942Z", 
        "lft": 1, 
        "tree_id": 6, 
        "position": 0, 
        "placeholder": 17, 
        "plugin_type": "TextPlugin"
    }
},
{
    "pk": 9, 
    "model": "cms.cmsplugin", 
    "fields": {
        "rght": 2, 
        "changed_date": "2013-11-01T00:14:49.101Z", 
        "parent": null, 
        "language": "de", 
        "level": 0, 
        "creation_date": "2013-11-01T00:14:45.721Z", 
        "lft": 1, 
        "tree_id": 7, 
        "position": 0, 
        "placeholder": 17, 
        "plugin_type": "TextPlugin"
    }
},
{
    "pk": 10, 
    "model": "cms.cmsplugin", 
    "fields": {
        "rght": 2, 
        "changed_date": "2013-11-01T00:46:36.943Z", 
        "parent": null, 
        "language": "en", 
        "level": 0, 
        "creation_date": "2013-11-01T00:46:25.948Z", 
        "lft": 1, 
        "tree_id": 8, 
        "position": 0, 
        "placeholder": 16, 
        "plugin_type": "TextPlugin"
    }
},
{
    "pk": 11, 
    "model": "cms.cmsplugin", 
    "fields": {
        "rght": 2, 
        "changed_date": "2013-11-01T01:03:35.705Z", 
        "parent": null, 
        "language": "en", 
        "level": 0, 
        "creation_date": "2013-11-01T01:03:23.097Z", 
        "lft": 1, 
        "tree_id": 9, 
        "position": 0, 
        "placeholder": 19, 
        "plugin_type": "TextPlugin"
    }
},
{
    "pk": 12, 
    "model": "cms.cmsplugin", 
    "fields": {
        "rght": 2, 
        "changed_date": "2013-11-01T01:04:09.193Z", 
        "parent": null, 
        "language": "de", 
        "level": 0, 
        "creation_date": "2013-11-01T01:04:05.903Z", 
        "lft": 1, 
        "tree_id": 10, 
        "position": 0, 
        "placeholder": 19, 
        "plugin_type": "TextPlugin"
    }
},
{
    "pk": 13, 
    "model": "cms.cmsplugin", 
    "fields": {
        "rght": 2, 
        "changed_date": "2013-11-05T05:27:24.461Z", 
        "parent": null, 
        "language": "en", 
        "level": 0, 
        "creation_date": "2013-11-05T05:26:43.193Z", 
        "lft": 1, 
        "tree_id": 11, 
        "position": 0, 
        "placeholder": 20, 
        "plugin_type": "TextPlugin"
    }
},
{
    "pk": 1, 
    "model": "cms.page", 
    "fields": {
        "rght": 2, 
        "navigation_extenders": null, 
        "site": 1, 
        "application_namespace": null, 
        "lft": 1, 
        "in_navigation": false, 
        "reverse_id": null, 
        "login_required": false, 
        "created_by": "admin", 
        "publication_end_date": null, 
        "template": "INHERIT", 
        "tree_id": 1, 
        "placeholders": [
            2
        ], 
        "changed_date": "2013-10-23T23:20:21.032Z", 
        "limit_visibility_in_menu": null, 
        "parent": null, 
        "publisher_state": 0, 
        "soft_root": false, 
        "publication_date": "2013-10-23T22:57:36.267Z", 
        "creation_date": "2013-10-23T22:57:37.286Z", 
        "publisher_public": 2, 
        "level": 0, 
        "changed_by": "admin", 
        "application_urls": null, 
        "publisher_is_draft": true, 
        "published": true, 
        "revision_id": 0
    }
},
{
    "pk": 2, 
    "model": "cms.page", 
    "fields": {
        "rght": 2, 
        "navigation_extenders": null, 
        "site": 1, 
        "application_namespace": null, 
        "lft": 1, 
        "in_navigation": false, 
        "reverse_id": null, 
        "login_required": false, 
        "created_by": "admin", 
        "publication_end_date": null, 
        "template": "INHERIT", 
        "tree_id": 2, 
        "placeholders": [
            3
        ], 
        "changed_date": "2013-10-23T23:20:20.603Z", 
        "limit_visibility_in_menu": null, 
        "parent": null, 
        "publisher_state": 0, 
        "soft_root": false, 
        "publication_date": "2013-10-23T22:57:36.267Z", 
        "creation_date": "2013-10-23T22:57:41.082Z", 
        "publisher_public": 1, 
        "level": 0, 
        "changed_by": "admin", 
        "application_urls": null, 
        "publisher_is_draft": false, 
        "published": true, 
        "revision_id": 0
    }
},
{
    "pk": 3, 
    "model": "cms.page", 
    "fields": {
        "rght": 2, 
        "navigation_extenders": null, 
        "site": 1, 
        "application_namespace": null, 
        "lft": 1, 
        "in_navigation": true, 
        "reverse_id": null, 
        "login_required": false, 
        "created_by": "admin", 
        "publication_end_date": null, 
        "template": "INHERIT", 
        "tree_id": 10, 
        "placeholders": [
            4
        ], 
        "changed_date": "2013-10-23T23:15:52.754Z", 
        "limit_visibility_in_menu": null, 
        "parent": null, 
        "publisher_state": 0, 
        "soft_root": false, 
        "publication_date": "2013-10-23T23:15:47.725Z", 
        "creation_date": "2013-10-23T23:15:50.036Z", 
        "publisher_public": 4, 
        "level": 0, 
        "changed_by": "admin", 
        "application_urls": null, 
        "publisher_is_draft": true, 
        "published": true, 
        "revision_id": 0
    }
},
{
    "pk": 4, 
    "model": "cms.page", 
    "fields": {
        "rght": 2, 
        "navigation_extenders": null, 
        "site": 1, 
        "application_namespace": null, 
        "lft": 1, 
        "in_navigation": true, 
        "reverse_id": null, 
        "login_required": false, 
        "created_by": "admin", 
        "publication_end_date": null, 
        "template": "INHERIT", 
        "tree_id": 3, 
        "placeholders": [
            5
        ], 
        "changed_date": "2013-10-23T23:15:52.539Z", 
        "limit_visibility_in_menu": null, 
        "parent": null, 
        "publisher_state": 0, 
        "soft_root": false, 
        "publication_date": "2013-10-23T23:15:47.512Z", 
        "creation_date": "2013-10-23T23:15:52.539Z", 
        "publisher_public": 3, 
        "level": 0, 
        "changed_by": "admin", 
        "application_urls": null, 
        "publisher_is_draft": false, 
        "published": true, 
        "revision_id": 0
    }
},
{
    "pk": 5, 
    "model": "cms.page", 
    "fields": {
        "rght": 2, 
        "navigation_extenders": "", 
        "site": 1, 
        "application_namespace": null, 
        "lft": 1, 
        "in_navigation": true, 
        "reverse_id": null, 
        "login_required": false, 
        "created_by": "admin", 
        "publication_end_date": null, 
        "template": "INHERIT", 
        "tree_id": 11, 
        "placeholders": [
            6
        ], 
        "changed_date": "2013-11-01T00:19:01.776Z", 
        "limit_visibility_in_menu": null, 
        "parent": null, 
        "publisher_state": 0, 
        "soft_root": false, 
        "publication_date": "2013-10-23T23:16:02.013Z", 
        "creation_date": "2013-10-23T23:16:04.386Z", 
        "publisher_public": 6, 
        "level": 0, 
        "changed_by": "admin", 
        "application_urls": "MultilingualNewsApphook", 
        "publisher_is_draft": true, 
        "published": true, 
        "revision_id": 0
    }
},
{
    "pk": 6, 
    "model": "cms.page", 
    "fields": {
        "rght": 2, 
        "navigation_extenders": "", 
        "site": 1, 
        "application_namespace": null, 
        "lft": 1, 
        "in_navigation": true, 
        "reverse_id": null, 
        "login_required": false, 
        "created_by": "admin", 
        "publication_end_date": null, 
        "template": "INHERIT", 
        "tree_id": 4, 
        "placeholders": [
            7
        ], 
        "changed_date": "2013-11-01T00:19:01.574Z", 
        "limit_visibility_in_menu": null, 
        "parent": null, 
        "publisher_state": 0, 
        "soft_root": false, 
        "publication_date": "2013-10-23T23:16:02.013Z", 
        "creation_date": "2013-10-23T23:16:06.820Z", 
        "publisher_public": 5, 
        "level": 0, 
        "changed_by": "admin", 
        "application_urls": "MultilingualNewsApphook", 
        "publisher_is_draft": false, 
        "published": true, 
        "revision_id": 0
    }
},
{
    "pk": 7, 
    "model": "cms.page", 
    "fields": {
        "rght": 2, 
        "navigation_extenders": null, 
        "site": 1, 
        "application_namespace": null, 
        "lft": 1, 
        "in_navigation": true, 
        "reverse_id": null, 
        "login_required": false, 
        "created_by": "admin", 
        "publication_end_date": null, 
        "template": "INHERIT", 
        "tree_id": 12, 
        "placeholders": [
            8
        ], 
        "changed_date": "2013-10-23T23:16:27.299Z", 
        "limit_visibility_in_menu": null, 
        "parent": null, 
        "publisher_state": 0, 
        "soft_root": false, 
        "publication_date": "2013-10-23T23:16:22.271Z", 
        "creation_date": "2013-10-23T23:16:21Z", 
        "publisher_public": 8, 
        "level": 0, 
        "changed_by": "admin", 
        "application_urls": null, 
        "publisher_is_draft": true, 
        "published": true, 
        "revision_id": 0
    }
},
{
    "pk": 8, 
    "model": "cms.page", 
    "fields": {
        "rght": 2, 
        "navigation_extenders": null, 
        "site": 1, 
        "application_namespace": null, 
        "lft": 1, 
        "in_navigation": true, 
        "reverse_id": null, 
        "login_required": false, 
        "created_by": "admin", 
        "publication_end_date": null, 
        "template": "INHERIT", 
        "tree_id": 5, 
        "placeholders": [
            9
        ], 
        "changed_date": "2013-10-23T23:16:27.080Z", 
        "limit_visibility_in_menu": null, 
        "parent": null, 
        "publisher_state": 0, 
        "soft_root": false, 
        "publication_date": "2013-10-23T23:16:22.059Z", 
        "creation_date": "2013-10-23T23:16:27.080Z", 
        "publisher_public": 7, 
        "level": 0, 
        "changed_by": "admin", 
        "application_urls": null, 
        "publisher_is_draft": false, 
        "published": true, 
        "revision_id": 0
    }
},
{
    "pk": 9, 
    "model": "cms.page", 
    "fields": {
        "rght": 2, 
        "navigation_extenders": null, 
        "site": 1, 
        "application_namespace": null, 
        "lft": 1, 
        "in_navigation": true, 
        "reverse_id": null, 
        "login_required": false, 
        "created_by": "admin", 
        "publication_end_date": null, 
        "template": "INHERIT", 
        "tree_id": 13, 
        "placeholders": [
            10
        ], 
        "changed_date": "2013-10-23T23:16:40.324Z", 
        "limit_visibility_in_menu": null, 
        "parent": null, 
        "publisher_state": 0, 
        "soft_root": false, 
        "publication_date": "2013-10-23T23:16:35.292Z", 
        "creation_date": "2013-10-23T23:16:34.850Z", 
        "publisher_public": 10, 
        "level": 0, 
        "changed_by": "admin", 
        "application_urls": null, 
        "publisher_is_draft": true, 
        "published": true, 
        "revision_id": 0
    }
},
{
    "pk": 10, 
    "model": "cms.page", 
    "fields": {
        "rght": 2, 
        "navigation_extenders": null, 
        "site": 1, 
        "application_namespace": null, 
        "lft": 1, 
        "in_navigation": true, 
        "reverse_id": null, 
        "login_required": false, 
        "created_by": "admin", 
        "publication_end_date": null, 
        "template": "INHERIT", 
        "tree_id": 6, 
        "placeholders": [
            11
        ], 
        "changed_date": "2013-10-23T23:16:40.075Z", 
        "limit_visibility_in_menu": null, 
        "parent": null, 
        "publisher_state": 0, 
        "soft_root": false, 
        "publication_date": "2013-10-23T23:16:35.051Z", 
        "creation_date": "2013-10-23T23:16:40.075Z", 
        "publisher_public": 9, 
        "level": 0, 
        "changed_by": "admin", 
        "application_urls": null, 
        "publisher_is_draft": false, 
        "published": true, 
        "revision_id": 0
    }
},
{
    "pk": 11, 
    "model": "cms.page", 
    "fields": {
        "rght": 2, 
        "navigation_extenders": "", 
        "site": 1, 
        "application_namespace": null, 
        "lft": 1, 
        "in_navigation": true, 
        "reverse_id": "sponsorship", 
        "login_required": false, 
        "created_by": "admin", 
        "publication_end_date": null, 
        "template": "INHERIT", 
        "tree_id": 14, 
        "placeholders": [
            12
        ], 
        "changed_date": "2013-11-19T03:32:49.216Z", 
        "limit_visibility_in_menu": null, 
        "parent": null, 
        "publisher_state": 1, 
        "soft_root": false, 
        "publication_date": "2013-10-23T23:16:44.579Z", 
        "creation_date": "2013-10-23T23:16:46.015Z", 
        "publisher_public": 12, 
        "level": 0, 
        "changed_by": "admin", 
        "application_urls": "", 
        "publisher_is_draft": true, 
        "published": true, 
        "revision_id": 0
    }
},
{
    "pk": 12, 
    "model": "cms.page", 
    "fields": {
        "rght": 2, 
        "navigation_extenders": null, 
        "site": 1, 
        "application_namespace": null, 
        "lft": 1, 
        "in_navigation": true, 
        "reverse_id": null, 
        "login_required": false, 
        "created_by": "admin", 
        "publication_end_date": null, 
        "template": "INHERIT", 
        "tree_id": 7, 
        "placeholders": [
            13
        ], 
        "changed_date": "2013-10-23T23:16:49.401Z", 
        "limit_visibility_in_menu": null, 
        "parent": null, 
        "publisher_state": 0, 
        "soft_root": false, 
        "publication_date": "2013-10-23T23:16:44.380Z", 
        "creation_date": "2013-10-23T23:16:49.401Z", 
        "publisher_public": 11, 
        "level": 0, 
        "changed_by": "admin", 
        "application_urls": null, 
        "publisher_is_draft": false, 
        "published": true, 
        "revision_id": 0
    }
},
{
    "pk": 13, 
    "model": "cms.page", 
    "fields": {
        "rght": 2, 
        "navigation_extenders": null, 
        "site": 1, 
        "application_namespace": null, 
        "lft": 1, 
        "in_navigation": true, 
        "reverse_id": null, 
        "login_required": false, 
        "created_by": "admin", 
        "publication_end_date": null, 
        "template": "INHERIT", 
        "tree_id": 15, 
        "placeholders": [
            14
        ], 
        "changed_date": "2013-10-23T23:16:57.440Z", 
        "limit_visibility_in_menu": null, 
        "parent": null, 
        "publisher_state": 0, 
        "soft_root": false, 
        "publication_date": "2013-10-23T23:16:52.411Z", 
        "creation_date": "2013-10-23T23:16:54.600Z", 
        "publisher_public": 14, 
        "level": 0, 
        "changed_by": "admin", 
        "application_urls": null, 
        "publisher_is_draft": true, 
        "published": true, 
        "revision_id": 0
    }
},
{
    "pk": 14, 
    "model": "cms.page", 
    "fields": {
        "rght": 2, 
        "navigation_extenders": null, 
        "site": 1, 
        "application_namespace": null, 
        "lft": 1, 
        "in_navigation": true, 
        "reverse_id": null, 
        "login_required": false, 
        "created_by": "admin", 
        "publication_end_date": null, 
        "template": "INHERIT", 
        "tree_id": 8, 
        "placeholders": [
            15
        ], 
        "changed_date": "2013-10-23T23:16:57.229Z", 
        "limit_visibility_in_menu": null, 
        "parent": null, 
        "publisher_state": 0, 
        "soft_root": false, 
        "publication_date": "2013-10-23T23:16:52.208Z", 
        "creation_date": "2013-10-23T23:16:57.229Z", 
        "publisher_public": 13, 
        "level": 0, 
        "changed_by": "admin", 
        "application_urls": null, 
        "publisher_is_draft": false, 
        "published": true, 
        "revision_id": 0
    }
},
{
    "pk": 15, 
    "model": "cms.page", 
    "fields": {
        "rght": 4, 
        "navigation_extenders": null, 
        "site": 1, 
        "application_namespace": null, 
        "lft": 1, 
        "in_navigation": true, 
        "reverse_id": null, 
        "login_required": false, 
        "created_by": "admin", 
        "publication_end_date": null, 
        "template": "INHERIT", 
        "tree_id": 16, 
        "placeholders": [
            33
        ], 
        "changed_date": "2013-11-21T03:50:30.566Z", 
        "limit_visibility_in_menu": null, 
        "parent": null, 
        "publisher_state": 0, 
        "soft_root": false, 
        "publication_date": "2013-11-21T03:50:25.540Z", 
        "creation_date": "2013-11-21T03:49:52.200Z", 
        "publisher_public": 17, 
        "level": 0, 
        "changed_by": "admin", 
        "application_urls": null, 
        "publisher_is_draft": true, 
        "published": true, 
        "revision_id": 0
    }
},
{
    "pk": 16, 
    "model": "cms.page", 
    "fields": {
        "rght": 3, 
        "navigation_extenders": "", 
        "site": 1, 
        "application_namespace": null, 
        "lft": 2, 
        "in_navigation": true, 
        "reverse_id": null, 
        "login_required": false, 
        "created_by": "admin", 
        "publication_end_date": null, 
        "template": "INHERIT", 
        "tree_id": 16, 
        "placeholders": [
            34
        ], 
        "changed_date": "2013-11-21T03:58:24.607Z", 
        "limit_visibility_in_menu": null, 
        "parent": 15, 
        "publisher_state": 0, 
        "soft_root": false, 
        "publication_date": "2013-11-21T03:50:30.629Z", 
        "creation_date": "2013-11-21T03:50:12.733Z", 
        "publisher_public": 18, 
        "level": 1, 
        "changed_by": "admin", 
        "application_urls": "", 
        "publisher_is_draft": true, 
        "published": true, 
        "revision_id": 0
    }
},
{
    "pk": 17, 
    "model": "cms.page", 
    "fields": {
        "rght": 4, 
        "navigation_extenders": null, 
        "site": 1, 
        "application_namespace": null, 
        "lft": 1, 
        "in_navigation": true, 
        "reverse_id": null, 
        "login_required": false, 
        "created_by": "admin", 
        "publication_end_date": null, 
        "template": "INHERIT", 
        "tree_id": 9, 
        "placeholders": [
            35
        ], 
        "changed_date": "2013-11-21T03:50:30.349Z", 
        "limit_visibility_in_menu": null, 
        "parent": null, 
        "publisher_state": 0, 
        "soft_root": false, 
        "publication_date": "2013-11-21T03:50:25.322Z", 
        "creation_date": "2013-11-21T03:50:30.349Z", 
        "publisher_public": 15, 
        "level": 0, 
        "changed_by": "admin", 
        "application_urls": null, 
        "publisher_is_draft": false, 
        "published": true, 
        "revision_id": 0
    }
},
{
    "pk": 18, 
    "model": "cms.page", 
    "fields": {
        "rght": 3, 
        "navigation_extenders": "", 
        "site": 1, 
        "application_namespace": null, 
        "lft": 2, 
        "in_navigation": true, 
        "reverse_id": null, 
        "login_required": false, 
        "created_by": "admin", 
        "publication_end_date": null, 
        "template": "INHERIT", 
        "tree_id": 9, 
        "placeholders": [
            36
        ], 
        "changed_date": "2013-11-21T03:58:24.185Z", 
        "limit_visibility_in_menu": null, 
        "parent": 17, 
        "publisher_state": 0, 
        "soft_root": false, 
        "publication_date": "2013-11-21T03:50:30.629Z", 
        "creation_date": "2013-11-21T03:50:35.429Z", 
        "publisher_public": 16, 
        "level": 1, 
        "changed_by": "admin", 
        "application_urls": "", 
        "publisher_is_draft": false, 
        "published": true, 
        "revision_id": 0
    }
},
{
    "pk": 1, 
    "model": "cms.pagemoderatorstate", 
    "fields": {
        "action": "ADD", 
        "message": "", 
        "created": "2013-11-01T00:11:25.754Z", 
        "page": 1, 
        "user": null
    }
},
{
    "pk": 2, 
    "model": "cms.pagemoderatorstate", 
    "fields": {
        "action": "ADD", 
        "message": "", 
        "created": "2013-11-01T00:11:25.787Z", 
        "page": 3, 
        "user": null
    }
},
{
    "pk": 3, 
    "model": "cms.pagemoderatorstate", 
    "fields": {
        "action": "ADD", 
        "message": "", 
        "created": "2013-11-01T00:19:20.178Z", 
        "page": 5, 
        "user": null
    }
},
{
    "pk": 4, 
    "model": "cms.pagemoderatorstate", 
    "fields": {
        "action": "ADD", 
        "message": "", 
        "created": "2013-11-01T00:11:25.839Z", 
        "page": 7, 
        "user": null
    }
},
{
    "pk": 5, 
    "model": "cms.pagemoderatorstate", 
    "fields": {
        "action": "ADD", 
        "message": "", 
        "created": "2013-11-01T00:11:25.860Z", 
        "page": 9, 
        "user": null
    }
},
{
    "pk": 6, 
    "model": "cms.pagemoderatorstate", 
    "fields": {
        "action": "ADD", 
        "message": "", 
        "created": "2013-11-01T00:11:25.882Z", 
        "page": 11, 
        "user": null
    }
},
{
    "pk": 7, 
    "model": "cms.pagemoderatorstate", 
    "fields": {
        "action": "ADD", 
        "message": "", 
        "created": "2013-11-01T00:11:25.903Z", 
        "page": 13, 
        "user": null
    }
},
{
    "pk": 8, 
    "model": "cms.pagemoderatorstate", 
    "fields": {
        "action": "ADD", 
        "message": "", 
        "created": "2013-11-21T03:57:35.266Z", 
        "page": 15, 
        "user": null
    }
},
{
    "pk": 1, 
    "model": "cms.title", 
    "fields": {
        "menu_title": "", 
        "meta_description": "", 
        "page_title": "", 
        "language": "en", 
        "title": "Home", 
        "has_url_overwrite": false, 
        "redirect": null, 
        "page": 1, 
        "path": "", 
        "creation_date": "2013-10-23T22:57:37.472Z", 
        "slug": "home"
    }
},
{
    "pk": 2, 
    "model": "cms.title", 
    "fields": {
        "menu_title": "", 
        "meta_description": "", 
        "page_title": "", 
        "language": "en", 
        "title": "Home", 
        "has_url_overwrite": false, 
        "redirect": null, 
        "page": 2, 
        "path": "", 
        "creation_date": "2013-10-23T22:57:37.472Z", 
        "slug": "home"
    }
},
{
    "pk": 3, 
    "model": "cms.title", 
    "fields": {
        "menu_title": "", 
        "meta_description": "", 
        "page_title": "", 
        "language": "en", 
        "title": "Tickets", 
        "has_url_overwrite": false, 
        "redirect": null, 
        "page": 3, 
        "path": "tickets", 
        "creation_date": "2013-10-23T23:15:50.125Z", 
        "slug": "tickets"
    }
},
{
    "pk": 4, 
    "model": "cms.title", 
    "fields": {
        "menu_title": "", 
        "meta_description": "", 
        "page_title": "", 
        "language": "en", 
        "title": "Tickets", 
        "has_url_overwrite": false, 
        "redirect": null, 
        "page": 4, 
        "path": "tickets", 
        "creation_date": "2013-10-23T23:15:50.125Z", 
        "slug": "tickets"
    }
},
{
    "pk": 5, 
    "model": "cms.title", 
    "fields": {
        "menu_title": "", 
        "meta_description": "", 
        "page_title": "", 
        "language": "en", 
        "title": "News", 
        "has_url_overwrite": false, 
        "redirect": "", 
        "page": 5, 
        "path": "news", 
        "creation_date": "2013-10-23T23:16:04.497Z", 
        "slug": "news"
    }
},
{
    "pk": 6, 
    "model": "cms.title", 
    "fields": {
        "menu_title": "", 
        "meta_description": "", 
        "page_title": "", 
        "language": "en", 
        "title": "News", 
        "has_url_overwrite": false, 
        "redirect": "", 
        "page": 6, 
        "path": "news", 
        "creation_date": "2013-10-23T23:16:04.497Z", 
        "slug": "news"
    }
},
{
    "pk": 7, 
    "model": "cms.title", 
    "fields": {
        "menu_title": "", 
        "meta_description": "", 
        "page_title": "", 
        "language": "en", 
        "title": "Events", 
        "has_url_overwrite": false, 
        "redirect": null, 
        "page": 7, 
        "path": "events", 
        "creation_date": "2013-10-23T23:16:21.075Z", 
        "slug": "events"
    }
},
{
    "pk": 8, 
    "model": "cms.title", 
    "fields": {
        "menu_title": "", 
        "meta_description": "", 
        "page_title": "", 
        "language": "en", 
        "title": "Events", 
        "has_url_overwrite": false, 
        "redirect": null, 
        "page": 8, 
        "path": "events", 
        "creation_date": "2013-10-23T23:16:21.075Z", 
        "slug": "events"
    }
},
{
    "pk": 9, 
    "model": "cms.title", 
    "fields": {
        "menu_title": "", 
        "meta_description": "", 
        "page_title": "", 
        "language": "en", 
        "title": "Proposals", 
        "has_url_overwrite": false, 
        "redirect": null, 
        "page": 9, 
        "path": "proposals", 
        "creation_date": "2013-10-23T23:16:34.924Z", 
        "slug": "proposals"
    }
},
{
    "pk": 10, 
    "model": "cms.title", 
    "fields": {
        "menu_title": "", 
        "meta_description": "", 
        "page_title": "", 
        "language": "en", 
        "title": "Proposals", 
        "has_url_overwrite": false, 
        "redirect": null, 
        "page": 10, 
        "path": "proposals", 
        "creation_date": "2013-10-23T23:16:34.924Z", 
        "slug": "proposals"
    }
},
{
    "pk": 11, 
    "model": "cms.title", 
    "fields": {
        "menu_title": "", 
        "meta_description": "", 
        "page_title": "", 
        "language": "en", 
        "title": "Sponsorship", 
        "has_url_overwrite": false, 
        "redirect": "", 
        "page": 11, 
        "path": "sponsorship", 
        "creation_date": "2013-10-23T23:16:46.098Z", 
        "slug": "sponsorship"
    }
},
{
    "pk": 12, 
    "model": "cms.title", 
    "fields": {
        "menu_title": "", 
        "meta_description": "", 
        "page_title": "", 
        "language": "en", 
        "title": "Sponsorship", 
        "has_url_overwrite": false, 
        "redirect": null, 
        "page": 12, 
        "path": "sponsorship", 
        "creation_date": "2013-10-23T23:16:46.098Z", 
        "slug": "sponsorship"
    }
},
{
    "pk": 13, 
    "model": "cms.title", 
    "fields": {
        "menu_title": "", 
        "meta_description": "", 
        "page_title": "", 
        "language": "en", 
        "title": "Venue", 
        "has_url_overwrite": false, 
        "redirect": null, 
        "page": 13, 
        "path": "venue", 
        "creation_date": "2013-10-23T23:16:54.691Z", 
        "slug": "venue"
    }
},
{
    "pk": 14, 
    "model": "cms.title", 
    "fields": {
        "menu_title": "", 
        "meta_description": "", 
        "page_title": "", 
        "language": "en", 
        "title": "Venue", 
        "has_url_overwrite": false, 
        "redirect": null, 
        "page": 14, 
        "path": "venue", 
        "creation_date": "2013-10-23T23:16:54.691Z", 
        "slug": "venue"
    }
},
{
    "pk": 15, 
    "model": "cms.title", 
    "fields": {
        "menu_title": "", 
        "meta_description": "", 
        "page_title": "", 
        "language": "de", 
        "title": "Nachrichten", 
        "has_url_overwrite": false, 
        "redirect": null, 
        "page": 5, 
        "path": "nachrichten", 
        "creation_date": "2013-11-01T00:12:18.639Z", 
        "slug": "nachrichten"
    }
},
{
    "pk": 16, 
    "model": "cms.title", 
    "fields": {
        "menu_title": "", 
        "meta_description": "", 
        "page_title": "", 
        "language": "de", 
        "title": "Nachrichten", 
        "has_url_overwrite": false, 
        "redirect": null, 
        "page": 6, 
        "path": "nachrichten", 
        "creation_date": "2013-11-01T00:12:18.639Z", 
        "slug": "nachrichten"
    }
},
{
    "pk": 17, 
    "model": "cms.title", 
    "fields": {
        "menu_title": "", 
        "meta_description": "", 
        "page_title": "", 
        "language": "en", 
        "title": "Archive", 
        "has_url_overwrite": false, 
        "redirect": null, 
        "page": 15, 
        "path": "archive", 
        "creation_date": "2013-11-21T03:49:52.294Z", 
        "slug": "archive"
    }
},
{
    "pk": 18, 
    "model": "cms.title", 
    "fields": {
        "menu_title": "", 
        "meta_description": "", 
        "page_title": "", 
        "language": "en", 
        "title": "2013", 
        "has_url_overwrite": false, 
        "redirect": "/static/archive/2013/index.html", 
        "page": 16, 
        "path": "archive/2013", 
        "creation_date": "2013-11-21T03:50:12.879Z", 
        "slug": "2013"
    }
},
{
    "pk": 19, 
    "model": "cms.title", 
    "fields": {
        "menu_title": "", 
        "meta_description": "", 
        "page_title": "", 
        "language": "en", 
        "title": "Archive", 
        "has_url_overwrite": false, 
        "redirect": null, 
        "page": 17, 
        "path": "archive", 
        "creation_date": "2013-11-21T03:49:52.294Z", 
        "slug": "archive"
    }
},
{
    "pk": 20, 
    "model": "cms.title", 
    "fields": {
        "menu_title": "", 
        "meta_description": "", 
        "page_title": "", 
        "language": "en", 
        "title": "2013", 
        "has_url_overwrite": false, 
        "redirect": "/static/archive/2013/index.html", 
        "page": 18, 
        "path": "archive/2013", 
        "creation_date": "2013-11-21T03:50:12.879Z", 
        "slug": "2013"
    }
}
]
